id,sex,age,weight_kg,height_m,bmi,bmi_category,chest_cm,kvp,mas,sid_cm,exposure_label
1,Female,25,78.2,1.74,25.82903950323689,Overweight,23.1,72,12.5,180,Adequate
2,Female,26,45.0,1.58,18.02595737862522,Underweight,20.4,66,10.0,180,Adequate
3,Male,35,80.9,1.72,27.345862628447815,Overweight,24.7,75,12.0,180,Adequate
4,Female,28,47.0,1.56,19.312952005259696,Normal Weight,21.1,70,12.5,180,Adequate
5,Male,45,74.8,1.71,25.580520502034815,Overweight,24.1,72,10.0,180,Adequate
6,Female,32,73.6,1.74,24.309684238340598,Normal Weight,23.9,73,10.0,180,Adequate
7,Female,33,57.3,1.69,20.06232274780295,Normal Weight,20.0,70,12.5,180,Adequate
8,Male,26,51.4,1.71,17.578058205943712,Underweight,21.3,71,12.5,180,Adequate
9,Female,52,55.5,1.58,22.232014100304436,Normal Weight,21.1,70,13.0,180,Adequate
10,Male,51,78.8,1.75,25.73061224489796,Overweight,23.8,76,12.5,180,Adequate
11,Female,24,71.6,1.62,27.282426459381185,Overweight,21.8,78,12.0,180,Adequate
12,Female,55,78.7,1.64,29.26085663295658,Overweight,23.6,74,12.5,180,Adequate
13,Female,48,76.7,1.69,26.854802002731002,Overweight,22.9,76,11.0,180,Adequate
14,Female,37,72.5,1.6,28.320312499999993,Overweight,22.9,75,12.0,180,Adequate
15,Male,25,66.3,1.77,21.16250119697405,Normal Weight,22.8,72,10.8,180,Adequate
16,Male,26,67.9,1.66,24.640731601103212,Normal Weight,21.5,71,12.5,180,Adequate
17,Female,35,77.6,1.73,25.928029670219516,Overweight,21.4,70,12.5,180,Adequate
18,Male,52,50.9,1.61,19.636588094595112,Normal Weight,20.6,70,10.0,180,Adequate
19,Female,26,45.0,1.5,20.0,Normal Weight,20.5,70,11.0,180,Adequate
20,Female,55,68.0,1.48,31.0445580715851,Obese,25.7,70,12.0,180,Adequate
21,Female,28,61.7,1.61,23.80309401643455,Normal Weight,24.8,74,14.0,180,Adequate
22,Female,55,62.5,1.53,26.699132812166262,Overweight,24.5,75,12.5,180,Adequate
23,Female,52,51.9,1.56,21.32642998027613,Normal Weight,22.9,73,11.0,180,Adequate
24,Female,39,63.2,1.62,24.081694863587863,Normal Weight,23.1,70,12.0,180,Adequate
25,Female,32,61.5,1.64,22.86585365853659,Normal Weight,20.3,70,11.0,180,Adequate
26,Female,22,65.1,1.61,25.114771806643258,Overweight,23.4,70,12.5,180,Adequate
27,Female,43,84.5,1.57,34.2813095865958,Obese,23.2,76,13.0,180,Adequate
28,Male,30,86.2,1.88,24.38886373924853,Normal Weight,25.8,76,12.3,180,Adequate
29,Female,51,62.2,1.51,27.27950528485593,Overweight,24.5,70,12.1,180,Adequate
30,Female,25,71.9,1.68,25.47477324263039,Overweight,20.0,70,10.2,180,Adequate
31,Female,41,73.6,1.6,28.749999999999993,Overweight,23.8,72,12.5,180,Adequate
32,Female,39,63.3,1.64,23.53509815585961,Normal Weight,23.8,70,11.5,180,Adequate
33,Male,56,73.6,1.7,25.46712802768166,Overweight,21.0,70,9.4,180,Low
34,Male,24,65.1,1.69,22.79331956164,Normal Weight,22.4,73,9.4,180,Adequate
35,Male,32,66.7,1.55,27.7627471383975,Overweight,25.5,70,11.3,180,Adequate
36,Female,34,75.8,1.64,28.182629387269486,Overweight,25.5,70,12.4,180,Adequate
37,Male,45,90.0,1.77,28.72737719046251,Overweight,24.2,74,11.0,180,Adequate
38,Male,38,50.0,1.68,17.71541950113379,Underweight,21.6,70,12.0,180,Adequate
39,Female,46,68.2,1.6,26.640624999999996,Overweight,20.3,76,12.5,180,Adequate
40,Female,49,62.4,1.51,27.367220735932634,Overweight,23.7,74,12.0,180,Adequate
41,Male,25,64.9,1.67,23.270823622216646,Normal Weight,20.7,70,8.0,180,Low
42,Female,49,62.4,1.57,25.315428617793824,Overweight,22.5,78,13.0,180,Adequate
43,Male,57,94.7,1.7,32.768166089965405,Obese,23.7,80,14.0,180,Adequate
44,Female,55,45.8,1.49,20.629701364803385,Normal Weight,20.0,70,12.5,180,Adequate
45,Male,35,54.8,1.65,20.128558310376494,Normal Weight,24.9,72,12.5,180,Adequate
46,Female,46,53.3,1.55,22.185223725286157,Normal Weight,21.2,70,12.0,180,Adequate
47,Female,57,45.0,1.55,18.730489073881373,Normal Weight,20.6,72,12.0,180,Adequate
48,Female,18,52.5,1.48,23.968224981738498,Normal Weight,21.7,70,10.9,180,Adequate
49,Male,42,76.4,1.65,28.062442607897157,Overweight,22.2,78,12.5,180,Adequate
50,Female,33,78.8,1.72,26.636019469983776,Overweight,25.6,76,12.4,180,Adequate
51,Female,53,73.9,1.64,27.476204640095187,Overweight,24.3,75,11.1,180,Adequate
52,Male,54,61.0,1.63,22.95908765854944,Normal Weight,23.5,70,11.2,180,Adequate
53,Male,27,58.8,1.76,18.982438016528924,Normal Weight,23.0,73,12.5,180,Adequate
54,Male,49,89.0,1.76,28.731921487603305,Overweight,25.0,76,13.0,180,Adequate
55,Male,36,80.0,1.7,27.68166089965398,Overweight,23.7,78,14.0,180,Adequate
56,Male,31,64.7,1.63,24.351688057510636,Normal Weight,23.7,72,12.5,180,Adequate
57,Male,25,56.5,1.61,21.79699857258593,Normal Weight,24.0,70,11.0,180,Adequate
58,Female,29,69.9,1.63,26.308856185780424,Overweight,24.1,70,12.6,180,Adequate
59,Male,37,85.1,1.75,27.787755102040816,Overweight,25.7,72,12.5,180,Adequate
60,Female,39,58.9,1.58,23.593975324467227,Normal Weight,20.9,70,8.0,180,Low
61,Female,45,65.6,1.62,24.996189605243096,Normal Weight,21.0,70,8.0,180,Low
62,Female,60,53.2,1.58,21.31068738984137,Normal Weight,21.0,70,8.7,180,Low
63,Female,56,51.1,1.51,22.41129775009868,Normal Weight,25.0,70,10.4,180,Adequate
64,Male,26,64.8,1.67,23.234967191365772,Normal Weight,22.1,70,12.5,180,Adequate
65,Male,48,53.9,1.65,19.7979797979798,Normal Weight,21.7,71,11.0,180,Adequate
66,Male,50,76.0,1.7,26.29757785467128,Overweight,23.4,70,12.0,180,Adequate
67,Male,23,73.7,1.73,24.624945704834776,Normal Weight,23.7,70,12.0,180,Adequate
68,Female,45,73.5,1.59,29.07321704046517,Overweight,24.8,72,12.0,180,Adequate
69,Male,60,78.8,1.63,29.658624713011406,Overweight,26.7,70,11.5,180,Adequate
70,Female,20,64.3,1.59,25.434120485740277,Overweight,22.8,70,10.5,180,Adequate
71,Female,58,74.8,1.68,26.502267573696148,Overweight,23.7,74,12.0,180,Adequate
72,Female,23,52.5,1.56,21.572978303747533,Normal Weight,22.5,70,12.0,180,Adequate
73,Male,23,53.9,1.67,19.326616228620605,Normal Weight,22.7,73,10.0,180,Adequate
74,Female,47,80.4,1.66,29.17694875889099,Overweight,23.3,78,14.0,180,Adequate
75,Female,26,53.1,1.57,21.542456083411093,Normal Weight,20.0,70,11.0,180,Adequate
76,Female,45,57.3,1.6,22.382812499999993,Normal Weight,21.9,72,11.0,180,Adequate
77,Male,21,68.5,1.77,21.86472597274091,Normal Weight,22.3,70,10.3,180,Adequate
78,Female,49,62.6,1.59,24.76167873106285,Normal Weight,21.2,74,12.0,180,Adequate
79,Female,32,48.3,1.66,17.527943097691974,Underweight,20.1,73,12.0,180,Adequate
80,Male,37,67.3,1.62,25.643956713915557,Overweight,22.9,72,10.6,180,Adequate
81,Female,28,58.5,1.57,23.73321432918171,Normal Weight,22.1,72,12.0,180,Adequate
82,Male,41,110.9,1.81,33.85122554256586,Obese,26.7,70,10.6,180,Adequate
83,Male,22,52.0,1.57,21.096190514828187,Normal Weight,20.7,70,8.8,180,Adequate
84,Female,28,68.5,1.6,26.757812499999996,Overweight,23.1,70,11.0,180,Low
85,Male,46,59.8,1.7,20.69204152249135,Normal Weight,21.7,72,10.0,180,Adequate
86,Female,49,60.3,1.56,24.778106508875737,Normal Weight,23.5,70,11.0,180,Adequate
87,Male,20,84.1,1.85,24.572680788897003,Normal Weight,25.1,73,11.4,180,Adequate
88,Male,37,92.3,1.79,28.80684123466808,Overweight,23.1,70,11.0,180,Low
89,Female,44,51.2,1.58,20.50953372856914,Normal Weight,21.5,70,11.0,180,Adequate
90,Female,23,54.9,1.59,21.715913136347453,Normal Weight,22.3,71,10.4,180,Adequate
91,Male,21,63.9,1.63,24.05058526854605,Normal Weight,20.6,73,12.0,180,Adequate
92,Female,48,66.1,1.6,25.820312499999993,Overweight,21.7,70,10.6,180,Adequate
93,Female,44,59.3,1.63,22.3192442319997,Normal Weight,23.2,70,11.2,180,Adequate
94,Female,52,81.6,1.62,31.092821216277997,Obese,24.7,80,12.5,180,Adequate
95,Male,25,52.1,1.72,17.610870740941053,Underweight,23.4,70,10.0,180,Adequate
96,Male,52,90.1,1.82,27.20082115686511,Overweight,25.4,70,13.2,180,Adequate
97,Female,28,61.7,1.71,21.100509558496636,Normal Weight,21.6,70,12.5,180,Adequate
98,Female,51,56.3,1.6,21.992187499999993,Normal Weight,23.0,70,8.6,180,Adequate
99,Male,46,57.5,1.66,20.86659892582378,Normal Weight,22.3,70,12.5,180,Adequate
100,Male,30,59.4,1.67,21.298719925418624,Normal Weight,21.6,73,12.5,180,Adequate
101,Female,20,50.7,1.58,20.30924531325108,Normal Weight,20.7,70,13.0,180,Adequate
102,Male,41,59.2,1.66,21.48352445928292,Normal Weight,23.0,70,11.6,180,Adequate
103,Male,55,65.3,1.68,23.136337868480727,Normal Weight,24.6,70,12.5,180,Adequate
104,Female,42,47.8,1.65,17.55739210284665,Underweight,20.1,70,8.9,180,Adequate
105,Female,23,64.5,1.61,24.883299255429957,Normal Weight,21.7,70,11.3,180,Repeat required
106,Female,23,53.5,1.69,18.731837120549002,Normal Weight,20.8,70,8.0,180,Low
107,Female,18,61.1,1.56,25.106837606837605,Overweight,23.3,70,12.8,180,Adequate
108,Female,38,63.5,1.56,26.093030900723207,Overweight,23.8,70,10.5,180,Low
109,Male,18,65.6,1.68,23.24263038548753,Normal Weight,21.6,72,12.5,180,Adequate
110,Male,37,63.5,1.7,21.972318339100347,Normal Weight,22.5,70,11.0,180,Adequate
111,Male,31,71.6,1.81,21.855254723604283,Normal Weight,23.9,73,12.2,180,Adequate
112,Male,57,70.8,1.75,23.118367346938776,Normal Weight,24.8,72,12.5,180,Adequate
113,Male,26,62.5,1.72,21.12628447809627,Normal Weight,21.8,70,9.8,180,Low
114,Male,30,71.0,1.74,23.450918219051392,Normal Weight,24.4,70,13.3,180,Adequate
115,Female,55,72.1,1.64,26.806960142772162,Overweight,22.1,75,11.0,180,Adequate
116,Female,50,53.6,1.56,22.0249835634451,Normal Weight,21.8,70,10.3,180,Adequate
117,Male,42,89.7,1.64,33.35068411659727,Obese,22.4,74,11.0,180,Adequate
118,Female,30,79.8,1.6,31.171874999999993,Obese,25.0,72,12.0,180,Adequate
119,Male,34,50.3,1.59,19.896364858985006,Normal Weight,20.0,70,8.0,180,Adequate
120,Female,55,82.0,1.62,31.24523700655387,Obese,24.8,82,13.5,180,Adequate
121,Female,21,57.6,1.59,22.78390886436454,Normal Weight,23.9,70,12.1,180,Adequate
122,Female,58,64.8,1.58,25.95737862522031,Overweight,23.8,70,13.6,180,Adequate
123,Male,29,68.8,1.76,22.210743801652892,Normal Weight,21.4,73,12.5,180,Adequate
124,Female,34,70.6,1.63,26.57232112612443,Overweight,24.1,70,12.9,180,Adequate
125,Female,45,69.7,1.64,25.91463414634147,Overweight,23.2,72,12.0,180,Adequate
126,Male,54,67.2,1.68,23.809523809523814,Normal Weight,22.4,73,12.5,180,Adequate
127,Female,25,63.2,1.6,24.687499999999996,Normal Weight,21.4,71,12.5,180,Adequate
128,Male,47,72.1,1.68,25.54563492063492,Overweight,22.7,78,13.0,180,Adequate
129,Female,18,73.4,1.7,25.397923875432532,Overweight,25.3,78,14.0,180,Adequate
130,Female,59,69.2,1.59,27.372334955104623,Overweight,21.3,78,13.5,180,Adequate
131,Female,32,58.4,1.63,21.980503594414543,Normal Weight,22.1,73,12.0,180,Adequate
132,Male,58,90.2,1.73,30.137993250693306,Obese,24.5,73,11.1,180,Adequate
133,Male,46,58.8,1.66,21.338365510233707,Normal Weight,21.0,72,12.0,180,Adequate
134,Female,18,65.6,1.61,25.30766559932101,Overweight,24.2,70,9.6,180,Adequate
135,Female,37,55.7,1.63,20.964281681659077,Normal Weight,22.0,70,11.0,180,Adequate
136,Female,29,67.8,1.61,26.156398287103116,Overweight,23.4,70,11.0,180,Adequate
137,Male,55,71.2,1.61,27.46807607731183,Overweight,24.3,70,13.2,180,Adequate
138,Female,56,71.8,1.64,26.695419393218327,Overweight,24.4,70,12.4,180,Adequate
139,Male,30,60.2,1.67,21.585571372225612,Normal Weight,23.8,74,12.5,180,Adequate
140,Female,55,55.9,1.51,24.51646857593965,Normal Weight,22.1,70,11.0,180,Adequate
141,Female,54,53.8,1.64,20.002974419988103,Normal Weight,20.2,72,11.0,180,Adequate
142,Male,18,56.7,1.7,19.61937716262976,Normal Weight,21.1,73,12.0,180,Adequate
143,Female,50,62.6,1.52,27.094875346260388,Overweight,22.3,70,10.4,180,Adequate
144,Female,34,74.3,1.65,27.291092745638203,Overweight,21.9,70,9.9,180,Low
145,Female,27,74.1,1.62,28.235025148605388,Overweight,22.6,70,12.9,180,Adequate
146,Female,59,56.1,1.51,24.60418402701636,Normal Weight,20.6,70,10.6,180,Adequate
147,Female,48,58.8,1.58,23.553917641403615,Normal Weight,21.5,74,12.5,180,Adequate
148,Female,60,65.4,1.57,26.532516532110836,Overweight,22.2,70,10.2,180,Adequate
149,Male,52,76.4,1.69,26.74976366373727,Overweight,23.8,70,11.8,180,Low
150,Female,47,55.1,1.6,21.523437499999996,Normal Weight,21.8,70,10.0,180,Adequate
151,Male,51,77.4,1.74,25.564803804994057,Overweight,23.8,70,11.5,180,Adequate
152,Male,48,75.2,1.69,26.329610307762337,Overweight,25.3,70,12.5,180,Adequate
153,Male,48,73.2,1.61,28.239651248022838,Overweight,22.9,70,9.0,180,Low
154,Male,52,71.7,1.69,25.104163019502124,Overweight,22.4,70,10.3,180,Adequate
155,Male,39,79.6,1.71,27.22205122943812,Overweight,25.4,70,13.3,180,Adequate
156,Male,33,63.4,1.7,21.93771626297578,Normal Weight,22.7,70,8.7,180,Adequate
157,Male,29,45.2,1.61,17.437598858068746,Underweight,20.0,70,8.0,180,Adequate
158,Male,27,50.8,1.61,19.59800933605956,Normal Weight,20.5,71,12.5,180,Adequate
159,Female,26,72.5,1.66,26.31005951516911,Overweight,24.2,75,12.5,180,Adequate
160,Male,54,62.3,1.62,23.738759335467147,Normal Weight,23.7,70,11.8,180,Adequate
161,Male,45,54.1,1.49,24.368271699473,Normal Weight,21.5,70,8.5,180,Adequate
162,Female,19,46.8,1.45,22.259215219976216,Normal Weight,20.9,70,10.4,180,Adequate
163,Female,33,80.1,1.71,27.393044013542628,Overweight,24.4,72,13.0,180,Adequate
164,Male,38,63.6,1.76,20.53202479338843,Normal Weight,24.8,74,11.0,180,Adequate
165,Male,37,71.4,1.73,23.856460289351467,Normal Weight,22.6,70,11.0,180,Adequate
166,Male,42,70.0,1.65,25.71166207529844,Overweight,24.2,70,12.0,180,Low
167,Female,25,53.7,1.7,18.581314878892737,Normal Weight,20.9,70,9.0,180,Adequate
168,Female,29,81.0,1.75,26.448979591836736,Overweight,23.4,70,10.6,180,Low
169,Female,59,59.9,1.54,25.257210322145387,Overweight,23.3,70,10.9,180,Adequate
170,Female,37,68.3,1.61,26.34929207978087,Overweight,20.5,70,8.0,180,Low
171,Female,39,63.5,1.56,26.093030900723207,Overweight,24.1,70,13.3,180,Adequate
172,Female,35,57.5,1.65,21.12029384756658,Normal Weight,21.4,73,12.5,180,Adequate
173,Male,31,55.7,1.65,20.45913682277319,Normal Weight,20.2,70,11.0,180,Repeat required
174,Male,48,81.2,1.77,25.918478087395066,Overweight,25.5,70,13.2,180,Adequate
175,Female,33,64.2,1.58,25.717032526838643,Overweight,23.1,70,9.2,180,Adequate
176,Female,50,75.8,1.64,28.182629387269486,Overweight,22.1,70,9.8,180,Low
177,Female,59,70.1,1.55,29.177939646201867,Overweight,21.4,70,9.1,180,Low
178,Female,38,55.3,1.6,21.601562499999996,Normal Weight,24.2,74,12.0,180,Adequate
179,Male,18,69.0,1.66,25.039918710988534,Overweight,22.6,70,12.0,180,Adequate
180,Male,27,59.2,1.67,21.22700706371688,Normal Weight,22.2,73,12.5,180,Adequate
181,Female,53,70.0,1.62,26.672763298277697,Overweight,20.2,76,11.5,180,Adequate
182,Female,26,70.4,1.73,23.52233619566307,Normal Weight,22.7,75,12.0,180,Adequate
183,Male,41,54.0,1.74,17.8359096313912,Underweight,22.1,70,11.0,180,Repeat required
184,Male,52,71.0,1.67,25.458065904119906,Overweight,23.9,70,12.4,180,Low
185,Female,48,64.0,1.67,22.948115744558788,Normal Weight,23.7,73,12.0,180,Adequate
186,Female,32,59.6,1.61,22.992940087187993,Normal Weight,23.3,72,11.0,180,Adequate
187,Male,50,60.3,1.5,26.799999999999997,Overweight,23.4,74,13.0,180,Adequate
188,Female,49,59.8,1.7,20.69204152249135,Normal Weight,24.3,70,11.0,180,Adequate
189,Female,24,71.3,1.71,24.38357101330324,Normal Weight,22.3,73,12.0,180,Adequate
190,Male,24,63.4,1.68,22.463151927437643,Normal Weight,22.8,72,11.0,180,Adequate
191,Male,52,71.7,1.62,27.320530406950155,Overweight,24.4,70,11.3,180,Repeat required
192,Female,43,71.9,1.67,25.780773781777764,Overweight,26.0,70,14.0,180,Adequate
193,Male,41,51.0,1.7,17.647058823529413,Underweight,20.0,70,12.0,180,Adequate
194,Male,23,75.7,1.8,23.364197530864196,Normal Weight,21.4,70,11.0,180,Adequate
195,Female,44,67.9,1.66,24.640731601103212,Normal Weight,24.3,70,10.9,180,Adequate
196,Female,55,61.1,1.55,25.431841831425597,Overweight,22.3,70,11.9,180,Adequate
197,Female,20,45.1,1.57,18.296888311899064,Underweight,21.3,70,10.0,180,Adequate
198,Male,52,64.7,1.67,23.1991107605149,Normal Weight,24.0,70,11.4,180,Adequate
199,Male,41,66.7,1.67,23.916239377532364,Normal Weight,23.1,70,12.5,180,Adequate
200,Female,21,63.6,1.55,26.472424557752337,Overweight,23.5,74,13.0,180,Adequate
201,Male,19,68.0,1.69,23.80869017191275,Normal Weight,21.5,70,12.5,180,Adequate
202,Female,49,66.9,1.6,26.132812499999996,Overweight,23.8,74,12.0,180,Adequate
203,Female,28,69.8,1.73,23.32186173945003,Normal Weight,23.7,72,10.5,180,Adequate
204,Male,31,73.1,1.72,24.709302325581397,Normal Weight,22.5,72,11.0,180,Adequate
205,Female,34,77.1,1.7,26.678200692041525,Overweight,23.7,70,9.9,180,Adequate
206,Male,39,77.5,1.73,25.89461726085068,Overweight,24.9,75,13.1,180,Adequate
207,Male,55,70.4,1.71,24.075784001915125,Normal Weight,22.2,73,11.0,180,Adequate
208,Female,19,49.7,1.51,21.797289592561732,Normal Weight,22.9,73,12.0,180,Adequate
209,Male,47,56.6,1.56,23.2577251808021,Normal Weight,20.2,71,12.0,180,Adequate
210,Male,31,51.0,1.62,19.43301326017375,Normal Weight,21.2,72,12.0,180,Adequate
211,Female,42,72.1,1.59,28.51944147778964,Overweight,24.3,76,13.0,180,Adequate
212,Male,30,48.6,1.67,17.42622539352433,Underweight,20.0,70,10.0,180,Adequate
213,Female,52,57.3,1.52,24.80090027700831,Normal Weight,23.6,70,11.1,180,Adequate
214,Female,31,56.8,1.54,23.950075898127846,Normal Weight,22.6,70,10.4,180,Adequate
215,Male,47,65.2,1.67,23.378392914769265,Normal Weight,22.6,70,10.4,180,Adequate
216,Male,26,64.3,1.67,23.055685037111406,Normal Weight,23.8,70,11.9,180,Adequate
217,Male,55,68.8,1.71,23.528607092780685,Normal Weight,22.0,70,11.0,180,Adequate
218,Male,25,66.5,1.7,23.010380622837374,Normal Weight,22.7,70,12.0,180,Adequate
219,Male,46,68.4,1.72,23.12060573282856,Normal Weight,23.1,70,12.0,180,Adequate
220,Male,19,58.2,1.62,22.176497485139457,Normal Weight,21.8,72,12.0,180,Adequate
221,Female,48,71.4,1.7,24.70588235294118,Normal Weight,22.0,70,12.0,180,Adequate
222,Female,54,70.7,1.76,22.824121900826448,Normal Weight,24.3,71,11.4,180,Adequate
223,Female,23,62.4,1.59,24.682567936394918,Normal Weight,20.9,72,10.0,180,Adequate
224,Male,56,89.8,1.75,29.322448979591837,Overweight,24.0,76,13.0,180,Adequate
225,Female,52,62.9,1.57,25.518276603513325,Overweight,21.9,77,13.0,180,Adequate
226,Male,50,55.5,1.57,22.5161264148647,Normal Weight,23.0,70,12.0,180,Adequate
227,Male,40,77.6,1.83,23.171787751201883,Normal Weight,23.7,72,12.5,180,Adequate
228,Male,21,72.1,1.82,21.766694843617916,Normal Weight,22.9,70,10.6,180,Adequate
229,Female,45,66.8,1.59,26.42300541908943,Overweight,21.2,75,11.0,180,Adequate
230,Male,35,74.2,1.89,20.772094846168923,Normal Weight,23.1,72,12.0,180,Adequate
231,Female,19,55.8,1.62,21.26200274348422,Normal Weight,21.9,70,11.0,180,Adequate
232,Male,45,73.3,1.72,24.776906435911304,Normal Weight,23.8,70,12.0,180,Adequate
233,Male,40,101.0,1.78,31.877288221184195,Obese,24.4,84,14.0,180,Adequate
234,Female,49,54.2,1.56,22.271531886916502,Normal Weight,20.7,71,12.0,180,Adequate
235,Female,34,52.6,1.53,22.469990174719126,Normal Weight,22.4,72,12.0,180,Adequate
236,Female,43,59.1,1.63,22.243968534758555,Normal Weight,20.0,73,11.0,180,Adequate
237,Male,40,68.5,1.62,26.101204084743173,Overweight,22.5,73,13.0,180,Adequate
238,Female,36,59.6,1.54,25.130713442401756,Overweight,23.6,76,13.0,180,Adequate
239,Male,19,66.8,1.75,21.812244897959182,Normal Weight,22.3,70,11.0,180,Adequate
240,Male,54,57.5,1.63,21.64176295682939,Normal Weight,24.0,72,12.5,180,Adequate
241,Female,35,61.3,1.63,23.072001204411155,Normal Weight,20.2,72,12.5,180,Adequate
242,Female,53,70.1,1.61,27.043709733420773,Overweight,22.5,70,10.1,180,Adequate
243,Male,34,51.0,1.71,17.441263978660103,Underweight,20.0,70,8.0,180,Low
244,Male,39,88.0,1.86,25.4364666435426,Overweight,23.0,75,12.0,180,Adequate
245,Male,53,74.5,1.69,26.084520850110295,Overweight,25.8,75,14.0,180,Adequate
246,Female,41,64.4,1.64,23.944080904223682,Normal Weight,21.2,70,12.0,180,Adequate
247,Female,44,71.1,1.65,26.115702479338843,Overweight,21.7,70,8.0,180,Low
248,Female,31,55.4,1.68,19.62868480725624,Normal Weight,21.6,70,8.3,180,Low
249,Male,45,59.6,1.69,20.867616680088236,Normal Weight,23.6,70,11.0,180,Adequate
250,Male,33,46.4,1.63,17.463961759945803,Underweight,20.4,70,8.0,180,Low
251,Female,51,65.1,1.53,27.809816737152374,Overweight,23.5,70,8.1,180,Adequate
252,Male,55,72.4,1.6,28.281249999999996,Overweight,20.9,70,8.0,180,Low
253,Male,47,59.1,1.69,20.692552781765347,Normal Weight,21.1,73,11.0,180,Adequate
254,Male,44,55.7,1.72,18.8277447268794,Normal Weight,23.8,70,8.0,180,Low
255,Female,37,49.0,1.66,17.78197125852809,Underweight,21.5,72,11.0,180,Adequate
256,Female,24,49.2,1.54,20.74548827795581,Normal Weight,21.2,70,8.0,180,Repeat required
257,Female,21,53.2,1.61,20.523899540912772,Normal Weight,21.2,70,8.9,180,Adequate
258,Male,51,69.4,1.59,27.451445749772557,Overweight,23.0,70,9.0,180,Adequate
259,Male,26,61.3,1.6,23.945312499999993,Normal Weight,21.0,70,11.0,180,Low
260,Female,53,52.2,1.53,22.29911572472126,Normal Weight,20.4,70,10.0,180,Low
261,Male,19,74.2,1.68,26.289682539682545,Overweight,25.1,70,13.5,180,Adequate
262,Male,22,69.6,1.59,27.530556544440483,Overweight,23.5,70,11.0,180,Low
263,Female,31,62.1,1.63,23.37310399337574,Normal Weight,21.0,70,10.4,180,Adequate
264,Male,33,80.3,1.62,30.597469897881414,Obese,22.7,70,11.6,180,Adequate
265,Female,35,71.0,1.55,29.552549427679498,Overweight,23.6,70,12.1,180,Adequate
266,Male,30,65.4,1.65,24.02203856749312,Normal Weight,24.5,70,13.3,180,Adequate
267,Male,39,88.4,1.68,31.32086167800454,Obese,25.1,70,13.5,180,Adequate
268,Female,57,86.4,1.66,31.35433299462912,Obese,26.1,82,14.0,180,Adequate
269,Female,22,78.8,1.68,27.919501133786852,Overweight,22.0,70,9.4,180,Adequate
270,Male,60,71.1,1.63,26.760510369227294,Overweight,24.2,70,11.5,180,Low
271,Male,33,48.6,1.61,18.74927664827746,Normal Weight,21.6,70,10.1,180,Adequate
272,Male,38,78.5,1.77,25.056656771681187,Overweight,23.7,70,13.4,180,Adequate
273,Male,57,77.1,1.6,30.117187499999993,Obese,24.5,70,11.3,180,Low
274,Male,35,68.8,1.55,28.63683662851196,Overweight,24.7,70,10.8,180,Adequate
275,Male,20,47.7,1.65,17.520661157024797,Underweight,21.2,70,8.0,180,Low
276,Male,44,78.9,1.71,26.98266133169181,Overweight,24.0,70,12.1,180,Low
277,Female,23,45.0,1.59,17.799928800284796,Underweight,20.0,73,12.5,180,Adequate
278,Female,31,56.1,1.65,20.60606060606061,Normal Weight,22.9,70,8.5,180,Repeat required
279,Female,48,64.9,1.65,23.838383838383844,Normal Weight,23.6,72,12.5,180,Adequate
280,Male,33,63.0,1.83,18.812147272238644,Normal Weight,23.3,72,11.0,180,Adequate
281,Female,31,56.0,1.56,23.011176857330703,Normal Weight,21.8,70,10.4,180,Adequate
282,Male,31,64.8,1.81,19.779616006837397,Normal Weight,22.7,72,11.0,180,Adequate
283,Male,47,67.4,1.68,23.88038548752835,Normal Weight,24.9,72,13.0,180,Adequate
284,Female,48,67.6,1.57,27.42504766927664,Overweight,21.9,73,12.0,180,Adequate
285,Male,55,53.5,1.64,19.891433670434267,Normal Weight,24.0,70,12.5,180,Adequate
286,Female,27,76.7,1.66,27.834228480185807,Overweight,23.8,70,10.7,180,Adequate
287,Male,53,70.9,1.7,24.532871972318343,Normal Weight,24.4,70,11.5,180,Adequate
288,Male,37,73.6,1.77,23.49261068020045,Normal Weight,24.4,70,12.2,180,Adequate
289,Male,56,88.1,1.66,31.971258528088256,Obese,25.0,76,14.5,180,Adequate
290,Male,36,79.9,1.68,28.3092403628118,Overweight,23.8,73,12.5,180,Adequate
291,Male,20,51.7,1.63,19.458767736836165,Normal Weight,21.8,70,10.0,180,Low
292,Female,57,70.9,1.59,28.04477670978205,Overweight,22.1,73,12.0,180,Low
293,Male,59,76.0,1.74,25.102391333069097,Overweight,25.9,70,14.8,180,High
294,Male,23,69.0,1.87,19.73176241814178,Normal Weight,24.3,70,13.7,180,Adequate
295,Male,21,71.7,1.77,22.8861438284018,Normal Weight,23.2,70,8.6,180,Repeat required
296,Female,27,45.4,1.55,18.896982310093648,Normal Weight,20.0,73,12.0,180,Adequate
297,Male,33,74.8,1.65,27.474747474747478,Overweight,23.2,76,13.0,180,Adequate
298,Female,36,60.1,1.76,19.402117768595044,Normal Weight,22.6,70,11.0,180,Adequate
299,Male,58,78.3,1.68,27.742346938775512,Overweight,26.9,76,12.5,180,Adequate
300,Female,53,52.2,1.57,21.177329709115988,Normal Weight,21.7,76,12.0,180,Adequate
